#As properties files key doesn't allow space character, the space character was replaced by the "_"
Wise_Solutions,_Inc.=Wise_Solutions
Wise_Solutions,_Inc=Wise_Solutions
Wise_Solutions_Inc.=Wise_Solutions
Wise_Solutions=Wise_Solutions
Yahoo,_Inc.=Yahoo!
Yahoo!,_Inc.=Yahoo!
Yahoo!_Inc.=Yahoo!
Yahoo!_Inc=Yahoo!
Yahoo!=Yahoo!
SBC_Yahoo!=Yahoo!
WinZip_Computing_LP=Corel_(Winzip_Computing)
WinZip_Computing,_S.L.=Corel_(Winzip_Computing)
WinZip_Computing,_Inc.=Corel_(Winzip_Computing)
Eastman_Software=Kodak
Eastman_Software,_Inc.,_una_empresa_Kodak=Kodak
Eastman_Software,_Inc.,_uma_empresa_Kodak=Kodak
Eastman_Software,_Inc.,_A_Kodak_Business=Kodak
Eastman_Software,_A_Kodak_Business=Kodak
Eastman_Software_Systems_Engineering=Kodak
Eastman_Kodak=Kodak
Eastman_Kodak_Company=Kodak
Eastman_Kodak_Japan=Kodak
Eastman_Kodak_Co.=Kodak
TIBCO_Software_Inc.=TIBCO_Software
TIBCO_Software,_inc.=TIBCO_Software
Apple,_Inc.=Apple_Computer
Apple_Computer,_Inc.=Apple_Computer
Apple_Inc.=Apple_Computer
Apple_Computer,_Inc=Apple_Computer
Apple=Apple_Computer
ZDNet=Ziff_Davis
Ziff_Davis_Media,_Inc=Ziff_Davis
Ziff-Davis_Publishing=Ziff_Davis
Ziff-Davis_Media,_Inc.=Ziff_Davis
Ziff-Davis,_Inc.=Ziff_Davis
Citrix_Systems=Citrix_Systems
Citrix_Gateways_Division=Citrix_Systems
Citrix_Corporation=Citrix_Systems
Citrix=Citrix_Systems
Citrix_Systems,_Inc.=Citrix_Systems
Citrix_Systems,_Inc=Citrix_Systems
Citrix_Systems_Inc.=Citrix_Systems
Citrix_Online=Citrix_Systems
Citrix_Online,_a_division_of_Citrix_Systems,_Inc.=Citrix_Systems
Broderbund=Broderbund_Software
SEIKO_EPSON_CORPORATION=Epson
SEIKO_EPSON_CORP=Epson
SEIKO_EPSON=Epson
SEIKO_EPSON_SORP.=Epson
SEIKO_EPSON_CORPORATION.=Epson
SEIKO_EPSON_CORP.=Epson
Seiko_Epson_Corporation.=Epson
SEIKO_EPSON_COPRORATION=Epson
Lucent_Technologies_Inc.=Lucent_Technologies
Lucent_Technologies=Lucent_Technologies
lucent=Lucent_Technologies
Lucent_Technologies,_Inc.=Lucent_Technologies
Xerox_Corporation=Xerox
Xerox_Corporation.=Xerox
Xerox_Inc.=Xerox
Xerox_Corp.=Xerox
Xerox_Corp=Xerox
Xerox=Xerox
Xerox_Ltd.=Xerox
Phoenix_Technologies=Phoenix_Technologies
Phoenix=Phoenix_Technologies
Phoenix_Technologies_Ltd=Phoenix_Technologies
Phinoex_Technologies_Ltd.=Phoenix_Technologies
Phoenix_Technologies,_Ltd.=Phoenix_Technologies
Phoenix_Technologies_Lt=Phoenix_Technologies
Electronic_Arts,_Inc.=Electronic_Arts
Electronic_Arts_Inc.=Electronic_Arts
Electronic_Arts=Electronic_Arts
Microsoft_Visio_Network_Center=Microsoft_(Visio)
Matrox_Graphics_Inc=Matrox
Matrox_Graphics_Inc.=Matrox
Matrox=Matrox
Iomega_Corporation=Iomega
(BOS)_Better_On-line_Solutions=Better_On-Line_Solutions
ATI_Technologies_Inc.=ATI_Technologies
ATI=ATI_Technologies
ATI_Technologies=ATI_Technologies
ATI_Technologies_Inc=ATI_Technologies
ATI_Technologies,_Inc.=ATI_Technologies
Dell_company=Dell
Dell_-_Advanced_Desktop_Engineering=Dell
Dell=Dell
Dell_Inc=Dell
Dell_Computer_Corporation=Dell
Dell_Inc.=Dell
Dell_computers=Dell
Dell,_Inc.=Dell
Sun_Microsystems,_Inc=Oracle_(Sun_Microsystems)
Sun_|_Netscape_Alliance=Oracle_(Sun_Microsystems)
Sun_Microsystems_Inc.=Oracle_(Sun_Microsystems)
Sun_Microsystems,_Inc.=Oracle_(Sun_Microsystems)
JavaSoft_/_Sun_Microsystems=Oracle_(Sun_Microsystems)
Sun_Microsystems=Oracle_(Sun_Microsystems)
JavaSoft_/_Sun_Microsystems,_Inc.=Oracle_(Sun_Microsystems)
Business_Objects=SAP_(Business_Objects)
Business_Objects_S.A.=SAP_(Business_Objects)
BusinessObjects=SAP_(Business_Objects)
BusinessObjects_S.A.=SAP_(Business_Objects)
America_Online,_Inc.\\0=AOL
America_Online,_LLC=AOL
AOL_LLC=AOL
AOL=AOL
AOL_LLC.=AOL
AOL,_LLC.=AOL
America_Online_Inc.=AOL
America_Online,_Inc=AOL
America_Online,_Inc.=AOL
AOL/Johnson-Grace_Company=AOL
AOL_Spyware_Protection=AOL
America_Online_Inc=AOL
America_Online=AOL
AOL,_LLC=AOL
Advanced_Micro_Devices=AMD
Advanced_Micro_Devices,_Inc.=AMD
Madge_Networks_Ltd=Madge_Networks
Intel_Corp.=Intel
Intel_Corporation.=Intel
Intel_Corp./ICP_vortex_GmbH=Intel
Intel_Corporatoion=Intel
Intel(R)_Corp.,_Microsoft_Corp.=Intel
Intel,_Dialogic_Division=Intel
Intel??_Corporation=Intel
Intel_Architecture_Labs=Intel
Intel????_Corporation=Intel
Intel_Corportation=Intel
Intel=Intel
Intel(R)_Corp.=Intel
Intel(R)_Corporation=Intel
Intel_Corporation=Intel
U.S._Robotics_Corporation=U.S._Robotics
BMC_Software,_Inc.=BMC_Software
BMC_Software_Inc.=BMC_Software
BMC_Software=BMC_Software
Adaptec_Inc.=Adaptec
Adaptec,_Inc.=Adaptec
Adaptec,_Inc=Adaptec
Adaptec=Adaptec
Macromedia_Inc=Adobe_(Macromedia)
Macromedia_Inc.=Adobe_(Macromedia)
Macromedia_Incorporated=Adobe_(Macromedia)
Macromedia=Adobe_(Macromedia)
McAfee_Associates,_Inc.=McAfee
McAfee=McAfee
McAfee_Associates=McAfee
McAfee.com=McAfee
McAfee_Associates_Inc.=McAfee
McAfee_Inc.=McAfee
McAfee.=McAfee
McAfee,_Inc.=McAfee
McAfee,_Inc=McAfee
McAfee_Division_of_Network_Associates,_Inc.=McAfee
McAfee_Associates_Inc=McAfee
McAfee_Inc.,=McAfee
Ipswitch_Inc,_81_Hartwel_Ave,_Lexington,_MA=Ipswitch
Funk_Software,_Inc.=Juniper_Networks_(Funk_Software)
Funk_Software=Juniper_Networks_(Funk_Software)
Computer_Associates_International_Inc=Computer_Associates
Computer_Associates.=Computer_Associates
Computer_Assocaites=Computer_Associates
Computer_Associates=Computer_Associates
Computer_Associates,_Inc.=Computer_Associates
Computer_Associates_Inc.=Computer_Associates
Computer_Associates_Int'l=Computer_Associates
??Computer_Associates_International,_Inc.=Computer_Associates
Computer_Associates_International=Computer_Associates
Computer_Associates_Intl,_Inc=Computer_Associates
Computer_Associates_International,_Inc=Computer_Associates
Computer_Associates_International,_Inc.=Computer_Associates
Computer_Associates_International,Inc.=Computer_Associates
Computer_Associates_International.=Computer_Associates
Computer_Associates_International_Inc.=Computer_Associates
Computer_Associates_Int'l,_Inc.=Computer_Associates
Adobe=Adobe
Adobe_Incorporated=Adobe
Adobe_Systems_Inc=Adobe
Adobe_Systems_Incorporated.=Adobe
Adobe_System_Inc.=Adobe
Adobe_Systems=Adobe
Adobe_Systems_Inc.=Adobe
Adobe_System_Incorporated=Adobe
Adobe_Systems_Europe_Ltd=Adobe
Adobe_Systems_Incorporated=Adobe
Adobe,_Inc.=Adobe
Adobe_Systems,_Incorporated=Adobe
Adobe_Systems,_Inc.=Adobe
Adobe_Systems,_Copyright_2005-2007=Adobe
Adobe_Systems,_Inc=Adobe
3Com=Hewlett-Packard_(3Com)
3Com_Corporation=Hewlett-Packard_(3Com)
3Com_Corp.=Hewlett-Packard_(3Com)
Leader_Technologies/3Com=Hewlett-Packard_(3Com)
3Com_Corp=Hewlett-Packard_(3Com)
3Com/Palm_Computing=Hewlett-Packard_(3Com)
3Com_Corporation.=Hewlett-Packard_(3Com)
Palm_Computing_Inc.,_a_3Com_Company=Hewlett-Packard_(3Com)
Palm_Computing,_Inc.,_a_3Com_company=Hewlett-Packard_(3Com)
Palm_Computing,_Inc.,_a_3Com_Company=Hewlett-Packard_(3Com)
Attachmate_Corporation=Attachmate
Attachmate_Corporation.=Attachmate
Borland_International_Inc.=Borland
Borland_Software_Corp.=Borland
Borland_Software_Corp=Borland
Borland_International,_Inc.=Borland
Borland=Borland
Borland_International_&_Yura_Bidus=Borland
Borland_International=Borland
Borland_Corporation=Borland
Borland_Software_Corporation=Borland
Microsoft_Corp._y_Executive_Software_International,_Inc.=Microsoft
Microsoft_Corp.,_3Dlabs_Inc._Ltd.=Microsoft
Microsoft_Corp._and_Executive_Software_International,_Inc.=Microsoft
Microsoft_Corp.,_VERITAS_Software=Microsoft
Microsoft_Corperation=Microsoft
Microsoft_Corporation_(escrito_por_Digital_Renaissance_Inc.)=Microsoft
Microsoft_Corporation_(Sample)=Microsoft
Microsoft_Corporation_y_HighGround_Systems,_Inc.=Microsoft
Microsoft_-_Envelope_Manager=Microsoft
Microsoft_Corporation,_Crescent_Divison_of_Progress_Software=Microsoft
Microsoft_Corporation_(written_by_Digital_Renaissance_Inc.)=Microsoft
Microsoft_Corp=Microsoft
Microsoft_Coropration=Microsoft
Microsoft_Business_Solutions=Microsoft
Microsoft_Argentina_S.A.=Microsoft
Microsoft_Argentina=Microsoft
Microsoft_and_PLATINUM_technology=Microsoft
Microsoft_and_LearnIT_Corporation=Microsoft
Microsoft_-_Nortel_Networks=Microsoft
Microsoft=Microsoft
Indicus_Pvt._Ltd_for_Microsoft_Corporation=Microsoft
Microsoft_Corporation.=Microsoft
Created_by_Access_Softek_for_Microsoft_Corporation.=Microsoft
Microsoft_.NET_Platform_ported_by_Rick_Ratayczak,_rick@karaokedj.net=Microsoft
PlaceWare,_Inc._/_Microsoft_Corporation_???=Microsoft
??Microsoft_Corporation=Microsoft
PlaceWare,_Inc.,_filiale_d??tenue_dans_sa_totalit??_par_Microsoft_Corporation.=Microsoft
PlaceWare,_Inc.,_ist_Eigentum_der_Microsoft_Corporation.=Microsoft
PlaceWare,_Inc.,_subsidiaria_de_propiedad_exclusiva_de_Microsoft_Corporation.=Microsoft
PlaceWare,_Inc.?/_Microsoft_Corporation_??h??????Pl???=Microsoft
PlaceWare,_Inc.???_Microsoft_CorporationX_100%__???????????.=Microsoft
Ruud_van_Velsen_(Microsoft)=Microsoft
Microsoft??_Corporation=Microsoft
Microsoft,SYWARE=Microsoft
---_Microsoft_---=Microsoft
MSJ_Bugslayer_Column_and_the_book_Debugging_Microsoft_Windows_Applications""=Microsoft
msft=Microsoft
Spole?nost_Microsoft=Microsoft
Microsoft_Corporation._Portions_developed_by_Vertigo_Software,_Inc._www.vertigosoftware.com=Microsoft
Microsoft_Corp.=Microsoft
Timex_Corporation_&_Microsoft_Corporation=Microsoft
Timex_Corporation_And_Microsoft_Corporation=Microsoft
Debugging_Applications_for_Microsoft_.NET_and_Microsoft_Windows=Microsoft
Microsoft_Premier_ISV_Support=Microsoft
Microsoft_Corporation;_Microsoft_Research=Microsoft
Microsoft_Corporation?=Microsoft
Microsoft_Developer_Support=Microsoft
Microsoft_France=Microsoft
Microsoft_Games_and_Matt_Gradwohl=Microsoft
Microsoft_GmbH,_Munich=Microsoft
Microsoft_Ltd_-_Premier_Support_for_Developers_(PSfD)=Microsoft
Microsoft_MTS_East=Microsoft
Microsoft_Office_2003=Microsoft
PlaceWare,_Inc.,_a_wholly_owned_subsidiary_of_Microsoft_Corporation.=Microsoft
Microsoft_Office_Development=Microsoft
Microsoft,_Ruud_van_Velsen=Microsoft
Microsoft_Press._A_Division_of_Microsoft_Corporation.=Microsoft
Microsoft_Press._A_division_of_Microsoft_Corporation.=Microsoft
Microsoft_RADBU=Microsoft
Microsoft_Systems_Journal=Microsoft
Microsoft_Technical_Support,_Microsoft_Corporation=Microsoft
Microsoft,_Inc.=Microsoft
Microsoft_y_LearnIT_Corporation=Microsoft
Microsoft_Press=Microsoft
Microsoft,_Corp.=Microsoft
Microsoft_??=Microsoft
Microsoft(R)_Corporation=Microsoft
Microsoft(R)_Corporation.=Microsoft
Corel_Corporation_Limited=Corel
Corel_Inc=Corel
Corel,_Inc.=Corel
Corel_Corporation=Corel
Corel_Inc.=Corel
Corel=Corel
Corel_Software,_Inc.=Corel
Copyright_??_1997,_2005,_Oracle._All_rights_reserved.=Oracle
Symantec_Corporation.=Symantec
Symantec=Symantec
Symantec_Corporation_http://www.symantec.com=Symantec
Symantec_Corp.=Symantec
Symantec_Corp.,_Peter_Norton_Computing_Group=Symantec
Symantec_Corporation=Symantec
Symantec_Corporation_-_Delrina_Group=Symantec
Symantec_Corp=Symantec
Hewlett_Packard_Development_Company,_L.P.=Hewlett-Packard
Hewlett_Packard_Inc.=Hewlett-Packard
Hewlett-Packard_Campany=Hewlett-Packard
Hewlett-Packard_Co.=Hewlett-Packard
Hewlett-Packard_Company=Hewlett-Packard
Hewlett-Packard_Company,_L.P.=Hewlett-Packard
Hewlett-Packard_Computer_Corporation=Hewlett-Packard
Hewlett_Packard_Corporation=Hewlett-Packard
HP_Openview_test=Hewlett-Packard
Hewlett-Packard_Company.=Hewlett-Packard
Hewlett-Packard_Company_Development_Company,_L.P.=Hewlett-Packard
Hewlett_Packard_Company=Hewlett-Packard
Hewlett_Packard=Hewlett-Packard
Hewlet-Packard=Hewlett-Packard
Hewelett-Packard_Co.=Hewlett-Packard
Hewlett-Packard_Company,_World_Wide_ESI,_Managed_Services=Hewlett-Packard
Hewlett-Packard_Corp.=Hewlett-Packard
Hewlett-Packard_ISEE=Hewlett-Packard
Hewlett-Packard_Development_Group,_L.P.=Hewlett-Packard
??_Copyright_2004-2006_Hewlett-Packard_Development_Company,_L.P.=Hewlett-Packard
HP=Hewlett-Packard
HP_QA=Hewlett-Packard
HP_Company=Hewlett-Packard
Hewlett-Packard_Development_Company=Hewlett-Packard
HP_Software=Hewlett-Packard
HP_CMS_Division=Hewlett-Packard
Hewlett-Packard.=Hewlett-Packard
Hewlett_Packard_Development_Group,_L.P.=Hewlett-Packard
Hewlett_Packard_Development_Group,_LLP=Hewlett-Packard
Hewlette-Packard_Company=Hewlett-Packard
Hewlett-Packard=Hewlett-Packard
HP_Openview=Hewlett-Packard
Hewlet_Packard_Corp=Hewlett-Packard
Hewlet-Packard_Corporation=Hewlett-Packard
Hewlett_Packard,_Co.=Hewlett-Packard
HewlettPackard=Hewlett-Packard
HP-CPSS=Hewlett-Packard
Hewlett-Packard_Development_Company,_L.P=Hewlett-Packard
HP_Corporation=Hewlett-Packard
Hewlett-Packard,_GHC=Hewlett-Packard
Hewlett-Packard_Corporation,_Microsoft_Corporation=Hewlett-Packard
Hewlett-Packard_Development_Co._L.P.=Hewlett-Packard
Hewlett-Packard_Development_Company_L.P.=Hewlett-Packard
Hewlett-Packard_Development_Company,_L.P.=Hewlett-Packard
HP_Invent=Hewlett-Packard
Hewlett-Packard,_Co.=Hewlett-Packard
Hewlett-Packard_Corporation=Hewlett-Packard
Hewlett-Packare_Company=Hewlett-Packard
Hewlett-Parkard=Hewlett-Packard
HEWLET~1|Hewlett-Packard=Hewlett-Packard
Hewlwtt-Packard=Hewlett-Packard
HEWWLETT-PACKARD=Hewlett-Packard
HP,_Inc.=Hewlett-Packard
HP_AIO=Hewlett-Packard
Hewlett-Packard_Inc.=Hewlett-Packard
ibm=IBM
IBM.=IBM
IBM_PDL=IBM
IBM_Global_Network=IBM
IBM_Deutschland_GmbH=IBM
IBM_Deutschland_Entwicklung_GmbH=IBM
IBM_Corporation.=IBM
IBM_Corporation,_Inc.=IBM
IBM_Corporation_and_others=IBM
IBM_Corporation=IBM
IBM_Corp.=IBM
IBM_Corp=IBM
IBM_Argentina=IBM
IBM_Global_Services=IBM
IBM_Ltd=IBM
IBM_Tivoli_Systems,_Inc.=IBM
IBM?=IBM
IBM/Tivoli_Corporation=IBM
IBM_Tivoli=IBM
IBM=IBM
Mail,_Inc.,_una_divisi??n_de_Lotus_Development_Corporatio=IBM_(Lotus)
Mail,_Inc.,_a_division_of_Lotus_Development_Corporation=IBM_(Lotus)
IBM_Lotus=IBM_(Lotus)
IBM_Corporation,_Lotus_Software=IBM_(Lotus)
Xircom,_Inc.=Xircom
Xircom,_Inc=Xircom
Xircom=Xircom
Xing_Technology_Corporation=Xing_Technology
SPSS_Inc=IBM_(SPSS)
SPSS=IBM_(SPSS)
SPSS_Inc.=IBM_(SPSS)
SPSS_Science=IBM_(SPSS)
SPSS,_Inc.=IBM_(SPSS)
Avery_Dennsion_Corporation=Avery_Dennison
Avery=Avery_Dennison
Avery_Dennison_Corp.=Avery_Dennison
Avery_Dennison_Corporation=Avery_Dennison
Avery_Dennison_Corporation._Envel_Informationssysteme_GmbH.=Avery_Dennison
Avery_Dennison_Zweckform_Office_Products_Europe_GmbH=Avery_Dennison
Avery_Dennison_Zweckform_Office_Products_Europe_GmbH._Envel_Informationssysteme_GmbH._http://www.envel.com=Avery_Dennison
ACD_Systems_Ltd.=ACD_Systems
ACD_Systems,_Ltd.=ACD_Systems
ACD_Systems_Ltd=ACD_Systems
ACD_Systems_Inc.=ACD_Systems
ACD_SYSTEMS=ACD_Systems
canon-elec=Canon
Canon=Canon
CANON_INC.=Canon
Canon_Information_Systems=Canon
CANON_ELECTRONICS_INC.=Canon
CANON_ELECTRONICS_INC=Canon
Canon_Electronics=Canon
Canon.inc=Canon
Canon_Computer_Systems,_Inc.=Canon
Canon_Inc=Canon
Canon_Information_Systems_Research_Australia_Pty_Ltd=Canon
Canon_Inc.=Canon
Copyright_(C)_Canon_Inc.=Canon
Canon_Information_Systems_Australia=Canon
Canon_Information_Systems_Research_Australia=Canon
Canon._Inc=Canon
Canon_Information_Systems_Research_Australia_Pty_Ltd.=Canon
Canon_Information_Systems_Research_Australia_Pty._Ltd.=Canon
Canon_Information_Technology_Services=Canon
Canon_USA=Canon
Canon,_Inc.=Canon
Canon_Information_Systems_Reasearch_Australia=Canon
VMware=VMware
Info-ZIP,_VMware_Inc.=VMware
VMware,_Inc.=VMware
VMware,_inc=VMware
Vmware=VMware
VMware_,Inc.=VMware
YAMAHA=Yamaha
YAMAHA_CORPORATION=Yamaha
Altova=Altova
Altova??=Altova
Altova_GmbH=Altova
Altova,_Inc.=Altova
Xara_Ltd.=Xara
Cisco=Cisco_Systems
Cisco_System=Cisco_Systems
Cisco_Systems=Cisco_Systems
Cisco_Systems_Inc=Cisco_Systems
Cisco_Systems,_Inc.=Cisco_Systems
Cisco_Systems,_Inc=Cisco_Systems
Cisco_Systems_Inc.=Cisco_Systems
ActiveState,_a_division_of_Sophos=ActiveState_Software
ActiveState_Corp.=ActiveState_Software
ActiveState=ActiveState_Software
ActiveState_Tool_Corp.=ActiveState_Software
ActiveState_Corporation=ActiveState_Software
DivX,Inc.=DivX_Networks
DivX_Networks,_Inc.=DivX_Networks
DivX_Inc.=DivX_Networks
DivXNetworks,_Inc.=DivX_Networks
DivX,_Inc=DivX_Networks
DivX,_Inc.=DivX_Networks
DivXNetworks_Inc.=DivX_Networks
DivXNetworks=DivX_Networks
DivXNetworks,_INC=DivX_Networks
Zone_Labs,_Inc.=ZoneLabs
Zone_Labs_Inc.=ZoneLabs
Zone_Labs,_LLC=ZoneLabs
X-Ways_Software_Technology_AG=X-Ways_Software_Technology
Red_Hat,_Inc.=Red_Hat
Red_Hat_Software=Red_Hat
Red_Hat=Red_Hat
Helios=Helios_Software_Solutions
Helios_Software_Solutions=Helios_Software_Solutions
Mozilla,_Linspire_Inc.=Mozilla
mozilla.org=Mozilla
Mozilla,_Netscape=Mozilla
Mozilla=Mozilla
Mozilla_Foundation=Mozilla
Mozilla_Corporation=Mozilla
FileZilla_Project=GNU
ABBYY_Software_House=ABBYY_Software_House
ABBYY_Software=ABBYY_Software_House
ABBYY_Software_House_(BIT_Software)=ABBYY_Software_House
ABBYY_(BIT_Software)=ABBYY_Software_House
ABBYY=ABBYY_Software_House
Cisco_Linksys_Corporation=Linksys
ACCPAC_INTERNATIONAL,_INC.=ACCPAC_International
EMC_Software=EMC
EMC=EMC
EMC_Dantz=EMC
EMC_Corporation=EMC
EMC_Captiva=EMC
Apache_Software_Foundation=Apache_Software_Foundation
Southwest_Airlines_licensed_from_the_Apache_Software_Foundation_2000=Apache_Software_Foundation
Southwest_Airlines_licensed_from_the_Apache_Software_Foundation=Apache_Software_Foundation
The_Apache_Software_Foundation=Apache_Software_Foundation
Motive,_Inc.=Motive_Communications
Motive,_Inc=Motive_Communications
Motive_Inc.=Motive_Communications
Motive_Communications,_Inc.=Motive_Communications
Motive_Communications_Inc.=Motive_Communications
Motive=Motive_Communications
Motive_Communications=Motive_Communications
Sony_Corporation.=Sony
Sony,_Inc.=Sony
Sony_DADC_Austria_AG=Sony
Sony_DADC_Austria_AG.=Sony
Sony_Corporation_of_America=Sony
Sony_Corp.=Sony
Sony_Computer_Entertainment_Europe_(Cambridge_Studios)=Sony
Sony=Sony
Sony_Electronics=Sony
Sony_Electronics_Inc.=Sony
Sony_Media_Software=Sony
Sony_Corporation=Sony
Sony_Pictures_Digital_Inc.=Sony
Sony_Pictures_Digital_Networks_Inc.=Sony
Sony/AC???z??=Sony
Quest_Software=Quest_Software
ACL_Services_Ltd.=ACL_Services
FUJI_PHOTO_FILM=FUJI_PHOTO_FILM
Fuji_Photo_Film_USA=FUJI_PHOTO_FILM
FUJI_PHOTO_FILM_CO.,_LTD=FUJI_PHOTO_FILM
FUJI_PHOTO_FILM_CO.,_LTD.=FUJI_PHOTO_FILM
FUJI_PHOTO_FILM_CO.,LTD.=FUJI_PHOTO_FILM
FUJIFILM=FUJI_PHOTO_FILM
FUJI_FILM_CO.,LTD.=FUJI_PHOTO_FILM
Irfan_Skiljan=Irfan_Skiljan
Zephyr_Associates=Zephyr_Associates
Zephyr_Associates,_Inc.=Zephyr_Associates
Compaq_Computer=Hewlett-Packard_(Compaq)
Compaq_Computer_Coporation=Hewlett-Packard_(Compaq)
Compaq_Computer_Corp.=Hewlett-Packard_(Compaq)
Compaq_Computer_Corporation=Hewlett-Packard_(Compaq)
Compaq_Computers_Corporation=Hewlett-Packard_(Compaq)
COMPAQ_Inc.=Hewlett-Packard_(Compaq)
Compaq_Information_Technologies_Group,_L.P.=Hewlett-Packard_(Compaq)
Compaq=Hewlett-Packard_(Compaq)
COMPAQ_Computer_Corporation_(English)=Hewlett-Packard_(Compaq)

